"n","p","A","rho","min_sensitivity","min_fpr","min_precision","min_exact_recovery","min_est_error","min_mse","lse_sensitivity","lse_fpr","lse_precision","lse_exact_recovery","lse_est_error","lse_mse"
50,200,0.5,0,0.702,0.0796923076923076,0.281731621328171,0,0.910550248004201,1.94450164360631,0.402,0.0185128205128205,0.354395244982086,0,1.00638500933881,2.04074396323659
100,200,0.5,0,0.978,0.102564102564102,0.243789564435926,0,0.401736116601006,1.41472274491437,0.892,0.0235384615384615,0.607234689162608,0.07,0.568560875087811,1.58350053255346
200,200,0.5,0,1,0.093179487179487,0.253133825194063,0,0.143676651433134,1.14326818367925,1,0.0143076923076923,0.729810810459788,0.22,0.237624844758399,1.23771107285408
50,400,0.5,0,0.542,0.0328101265822785,0.233988351641749,0,1.02362276186797,2.03087539836007,0.23,0.00579746835443038,0.217672030867683,0,1.1202963270496,2.14011711153532
100,400,0.5,0,0.978,0.055367088607595,0.233303822767459,0,0.420959191770082,1.42518991593259,0.868,0.0117721518987342,0.606001180459857,0.05,0.594725158001935,1.59991620578348
200,400,0.5,0,1,0.0648860759493671,0.20052360396071,0,0.189599588884467,1.19891635190974,0.998,0.00875949367088608,0.680009504384504,0.16,0.288495909107332,1.30428704902078
50,600,0.5,0,0.49,0.0224705882352941,0.248198387491796,0,1.0703094389246,2.12305991406456,0.154,0.00411764705882353,0.155498879775196,0,1.17412505599999,2.23179589397586
100,600,0.5,0,0.96,0.0476302521008403,0.19206468205707,0,0.501698919957791,1.52172901830891,0.838,0.00959663865546218,0.527223736682233,0.05,0.665226970355201,1.68880021674481
200,600,0.5,0,1,0.047344537815126,0.200473963348264,0,0.194591065306573,1.2027251960371,1,0.00724369747899159,0.639203269497387,0.12,0.274167603083149,1.28129668082381
50,200,1,0,0.988,0.110717948717949,0.21845629923318,0,1.20605513116966,2.26372226931978,0.956,0.0431282051282051,0.436815767801117,0.01,1.54735253831769,2.60443245329703
100,200,1,0,1,0.117076923076923,0.222731334444258,0,0.37260620548123,1.39112941898186,1,0.0324615384615384,0.535724305965792,0.05,0.47206681377598,1.49128570568786
200,200,1,0,1,0.0902051282051281,0.277833072214384,0,0.155108697023708,1.16416104278525,1,0.0116410256410256,0.774813172938173,0.37,0.255591733058301,1.26220228440942
50,400,1,0,0.962,0.0638987341772152,0.207236258835888,0,1.52308961301433,2.58059245108917,0.814,0.0195696202531646,0.413816433937301,0.01,2.20127371073647,3.27027477264698
100,400,1,0,1,0.0704556962025317,0.20427210695642,0,0.449370403702027,1.48099498576455,1,0.0185316455696203,0.515871813738544,0.06,0.560997685963531,1.58866625774309
200,400,1,0,1,0.0642784810126583,0.216682485879018,0,0.183514926056768,1.19081205163172,1,0.00974683544303798,0.6943084376816,0.22,0.269212171527803,1.27332097558692
50,600,1,0,0.924,0.0414117647058823,0.186633560215076,0,2.00584935462466,3.04937446920498,0.752,0.0129243697478992,0.365956219209925,0,2.6688054028727,3.69950029520402
100,600,1,0,1,0.0534789915966386,0.180558433482086,0,0.561533469489007,1.58786404803727,1,0.0138487394957983,0.487284341669757,0.02,0.696120100433034,1.72802380868357
200,600,1,0,1,0.0526218487394958,0.194252142010131,0,0.201075583256837,1.21132795393335,1,0.00763025210084033,0.663559268174206,0.23,0.268950554851823,1.27663881150769
50,200,1.5,0,1,0.109384615384615,0.221583389230831,0,1.1431426876986,2.19879518954373,0.994,0.0421025641025641,0.444286966739186,0.01,1.48181993929332,2.54997124571251
100,200,1.5,0,1,0.111948717948718,0.242106890850452,0,0.391531192796155,1.40844350644397,1,0.0282564102564102,0.586667330050641,0.08,0.515691048134501,1.52971507830278
200,200,1.5,0,1,0.108666666666667,0.252258535121939,0.01,0.16393578805348,1.16942114106463,1,0.0214871794871795,0.673764487826988,0.2,0.239813186268025,1.24666413692121
50,400,1.5,0,0.996,0.0657974683544304,0.184660068932624,0,1.63469713831504,2.69761401940924,0.986,0.0219240506329114,0.416000326218155,0,2.2756370193022,3.34980378497617
100,400,1.5,0,1,0.0717215189873418,0.19561254752694,0,0.471532616369248,1.47831918352319,1,0.0172658227848101,0.525088930564466,0.03,0.579373534788038,1.58761044676291
200,400,1.5,0,1,0.0646835443037975,0.208400910527055,0,0.199981074242166,1.20167707847721,1,0.00827848101265823,0.691968165563367,0.23,0.297487454004434,1.29888938425279
50,600,1.5,0,0.976,0.0414117647058823,0.197131968930327,0,2.15470834532624,3.21459620788261,0.934,0.0142689075630252,0.409713150328922,0,3.13567558226988,4.23560997623103
100,600,1.5,0,1,0.0510756302521008,0.174535311433397,0,0.516538758316813,1.54226692921717,1,0.013327731092437,0.49885006888615,0.04,0.670254092985932,1.69245157692311
200,600,1.5,0,1,0.0432605042016806,0.219369627252648,0,0.201632740164065,1.20300439043897,1,0.00726050420168067,0.651793042483832,0.2,0.291709417691476,1.29280285020667
50,200,0.5,0.5,0.216,0.0411282051282051,0.147676433747751,0,1.22486210948572,1.63576398147053,0.04,0.0058974358974359,0.058208485958486,0,1.23838029292484,1.58610928872849
100,200,0.5,0.5,0.382,0.0517948717948718,0.226367680336905,0,1.07364050974101,1.49997754212327,0.12,0.00825641025641026,0.186280081925243,0,1.19796789150027,1.53372710753665
200,200,0.5,0.5,0.902,0.145384615384615,0.172085217560347,0,0.548533469670373,1.27921256801359,0.614,0.0282051282051282,0.502060246012916,0,0.894910786202733,1.3766573428427
50,400,0.5,0.5,0.156,0.0241012658227848,0.111387832689673,0,1.27057741837735,1.63411323767136,0.034,0.00329113924050633,0.0269022720199191,0,1.24693658689825,1.55778147702063
100,400,0.5,0.5,0.302,0.0288860759493671,0.203959348846883,0,1.14852607479221,1.5311223488368,0.052,0.00118987341772152,0.140682650682651,0,1.23028365380854,1.53055564866267
200,400,0.5,0.5,0.812,0.0793670886075949,0.20077285925755,0,0.731570144122198,1.3548837893526,0.36,0.00850632911392405,0.475123414883939,0,1.08165393923882,1.46535278298305
50,600,0.5,0.5,0.134,0.0156134453781512,0.0972863519695006,0,1.28851657831699,1.61546511768086,0.026,0.00168067226890756,0.0389550264550265,0,1.24697253596229,1.54747295490459
100,600,0.5,0.5,0.258,0.0203361344537815,0.15613034191064,0,1.178026122357,1.54354045390377,0.06,0.00188235294117647,0.0832329598506069,0,1.22714608249054,1.5448914793885
200,600,0.5,0.5,0.728,0.0480672268907563,0.208922056768921,0,0.853649738192847,1.38736130293416,0.292,0.00502521008403361,0.415451500511872,0,1.12703578361481,1.47257935461454
50,200,1,0.5,0.498,0.071076923076923,0.220657326242346,0,4.01523848740834,2.89220870704332,0.254,0.016,0.342116280011549,0,4.49571457367984,2.96527700686415
100,200,1,0.5,0.966,0.174153846153846,0.147140107941792,0,1.54441762593378,1.79527549271573,0.856,0.067128205128205,0.338037954460994,0,2.46367686577389,2.03787536997581
200,200,1,0.5,1,0.180102564102564,0.136684227679316,0,0.535419170579002,1.29073268275204,1,0.0691794871794871,0.315526988408314,0,0.916181444726215,1.38777490767641
50,400,1,0.5,0.308,0.0296455696202532,0.207874433346571,0,4.55176457057976,3.08911375101437,0.126,0.00445569620253165,0.207299811299811,0,4.79148086241153,3.10738416895874
100,400,1,0.5,0.866,0.091367088607595,0.156965990149158,0,2.34125186119329,2.1109854305885,0.68,0.0309367088607595,0.380030900368172,0,3.2342462715885,2.34591141442773
200,400,1,0.5,1,0.120405063291139,0.10612637603492,0,0.678325798048934,1.34291825833456,1,0.0425822784810127,0.265866679202651,0,1.08298768149962,1.42902208654757
50,600,1,0.5,0.268,0.0190252100840336,0.179674733296246,0,4.6091784896451,3.05910758700333,0.102,0.00381512605042017,0.140441048415186,0,4.84982276618247,3.12017178363186
100,600,1,0.5,0.762,0.0519159663865546,0.195183139373835,0,3.03892769248745,2.32984210876857,0.454,0.0124033613445378,0.476415875374392,0,4.02615249910626,2.67119638947126
200,600,1,0.5,1,0.0820504201680671,0.103906210747424,0,0.864002357461375,1.42840729862298,1,0.0320504201680672,0.244763921132265,0,1.33236840475943,1.54993311803285
50,200,1.5,0.5,0.66,0.102666666666667,0.207290193933683,0,7.52064809305664,4.51020058642667,0.438,0.0337435897435897,0.329896075574485,0,8.93609247512,4.82316868521188
100,200,1.5,0.5,1,0.181538461538461,0.133375761323638,0,1.30111363040453,1.71580783677457,0.998,0.0859999999999999,0.256854818955336,0,2.09930007898807,1.89569394522333
200,200,1.5,0.5,1,0.171333333333333,0.143473263590131,0,0.500002476402357,1.25419139272908,1,0.0684615384615384,0.31338664449122,0,0.850587277696911,1.34517214870252
50,400,1.5,0.5,0.476,0.0375949367088608,0.221110581769703,0,9.24073856397571,5.09987541930038,0.25,0.00860759493670886,0.262347494746633,0,10.2281437147326,5.39349866380025
100,400,1.5,0.5,0.988,0.12167088607595,0.112884439212849,0,2.107457815799,2.08051300139021,0.978,0.0576962025316456,0.222602161194183,0,3.04705927927389,2.27801835493233
200,400,1.5,0.5,1,0.117620253164557,0.109492358411968,0,0.734573123590039,1.36879246626084,1,0.0435949367088608,0.266521615207373,0,1.1650625899968,1.47483623439319
50,600,1.5,0.5,0.398,0.0225882352941176,0.244181647724939,0,9.81234646266864,5.32665492154955,0.178,0.0039327731092437,0.287375857463157,0,10.5903474447109,5.57606277895962
100,600,1.5,0.5,0.972,0.0868235294117646,0.104537599918125,0,3.29400839327031,2.60401824845251,0.878,0.0346554621848739,0.263634912528314,0,4.97164925243542,3.07226712636076
200,600,1.5,0.5,1,0.0817815126050419,0.100846922670685,0,0.842668689845533,1.40199523444774,1,0.0294117647058823,0.260657276791827,0,1.3443398742281,1.54306730583712
50,200,0.5,0.8,0.182,0.0292307692307692,0.19215628824072,0,1.22799688007196,1.35273286054998,0.058,0.00517948717948718,0.0882620712620713,0,1.22956511052837,1.31902709924109
100,200,0.5,0.8,0.32,0.0254871794871795,0.349311949271769,0,1.10463319468469,1.22666649887624,0.086,0.000717948717948718,0.255,0,1.21443317621034,1.28089441412339
200,200,0.5,0.8,0.432,0.0366153846153846,0.373929606232235,0,1.02836843400351,1.18743221499653,0.214,0.00220512820512821,0.537972222222222,0,1.17768765420265,1.2647332661016
50,400,0.5,0.8,0.142,0.0152911392405063,0.0970397725922789,0,1.25716194769561,1.37706429757525,0.04,0.00192405063291139,0.0548988095238095,0,1.24168309296005,1.34637089359653
100,400,0.5,0.8,0.308,0.0241012658227848,0.213576641646404,0,1.13997272349489,1.25986250319373,0.084,0.00111392405063291,0.203190476190476,0,1.218467910945,1.27998122587256
200,400,0.5,0.8,0.426,0.0222278481012658,0.365035849730718,0,1.04663478593686,1.18717357768433,0.178,0.000455696202531646,0.530833333333333,0,1.19062102433144,1.2656376674352
50,600,0.5,0.8,0.13,0.010890756302521,0.123038456277075,0,1.23980907810707,1.36740877247706,0.042,0.00149579831932773,0.0867460317460317,0,1.24233718378351,1.33960013586219
100,600,0.5,0.8,0.266,0.0171596638655462,0.2154391227304,0,1.1816536847558,1.28793539973498,0.086,0.00210084033613445,0.160857142857143,0,1.22782354502101,1.29685925170225
200,600,0.5,0.8,0.406,0.0167226890756302,0.296238415349319,0,1.06710317682734,1.19906470747826,0.152,0.00053781512605042,0.417380952380952,0,1.19911117266687,1.27189348421767
50,200,1,0.8,0.394,0.0389230769230769,0.327162647227765,0,4.296659771249,1.84259385520022,0.216,0.00784615384615384,0.44367660390235,0,4.6399021397395,2.00289317147402
100,200,1,0.8,0.51,0.0443589743589743,0.374960238117754,0,3.8135214289559,1.61322768149772,0.406,0.00558974358974359,0.755971112221112,0,4.26021927535612,1.75775620354031
200,200,1,0.8,0.906,0.198820512820513,0.165080841403662,0,1.87891570771616,1.40500404153674,0.696,0.0662051282051282,0.484440439037921,0,3.21243227227972,1.51228668061291
50,400,1,0.8,0.366,0.0232911392405063,0.333230601144931,0,4.33319278260438,1.89411255340688,0.208,0.00392405063291139,0.427023581681476,0,4.64127319618336,2.00870939894448
100,400,1,0.8,0.464,0.0240253164556962,0.348995625177997,0,4.01102290950353,1.65874338593627,0.386,0.00243037974683544,0.841095238095238,0,4.38217341584408,1.81913540287119
200,400,1,0.8,0.658,0.0653164556962025,0.267130168172111,0,3.17865346355952,1.51953251800056,0.514,0.00825316455696203,0.847226659209531,0,3.974739923424,1.63743935009008
50,600,1,0.8,0.374,0.0159327731092437,0.314080570822825,0,4.36709687844189,1.95086813072333,0.198,0.00179831932773109,0.447395202020202,0,4.70023459149613,2.0804293842048
100,600,1,0.8,0.474,0.0194453781512605,0.310578479569304,0,4.07415701575062,1.70231546344203,0.362,0.00146218487394958,0.722050125313283,0,4.41054894770281,1.86153433082505
200,600,1,0.8,0.512,0.0250252100840336,0.30213906044008,0,3.67401354391001,1.53581543834708,0.472,0.00273949579831933,0.883707812157121,0,4.06474820785891,1.64616612281207
50,200,1.5,0.8,0.468,0.0421538461538461,0.380579764302377,0,8.99842524978825,2.60123533748168,0.398,0.0114871794871795,0.727647809792547,0,9.69160737335043,2.85872045461911
100,200,1.5,0.8,0.742,0.143487179487179,0.22317698009324,0,5.90252283966902,2.12904563484005,0.584,0.0454871794871795,0.613908694169053,0,7.95325266075545,2.29705781929221
200,200,1.5,0.8,1,0.233948717948718,0.102510876584436,0,1.48326255493704,1.36646689898053,0.992,0.129948717948718,0.177659035946733,0,2.90136588086983,1.47498469372195
50,400,1.5,0.8,0.432,0.0275189873417722,0.309414174568938,0,9.45404838231419,2.78818214490296,0.312,0.00569620253164557,0.636820898714861,0,10.1012512060118,3.03260586376397
100,400,1.5,0.8,0.492,0.0298227848101266,0.313772621777319,0,8.54999285482987,2.31554414530994,0.456,0.00377215189873418,0.843754104065869,0,9.27090326474861,2.53879737114651
200,400,1.5,0.8,0.972,0.158253164556962,0.0876204805576249,0,2.72903037181853,1.58272632077731,0.89,0.0818987341772152,0.244489363222886,0,4.74306222448635,1.72977520417456
50,600,1.5,0.8,0.44,0.0172268907563025,0.348925074360501,0,9.39903938427808,2.75646122807006,0.314,0.00366386554621849,0.623895991855107,0,10.0734029515742,3.05693594730453
100,600,1.5,0.8,0.508,0.0216302521008403,0.329417573996024,0,8.70234690558536,2.33362089703634,0.474,0.00218487394957983,0.82590239350022,0,9.28652853146772,2.52363414966575
200,600,1.5,0.8,0.898,0.117243697478991,0.112861327500781,0,4.18390608770977,1.8273579766829,0.746,0.0472268907563025,0.397349745230403,0,6.42223836453686,1.98301692388321
